Workbook

Sheet Calculadora Volumen
A1: Tipo de Especie | B1: Número de Peces | C1: Tamaño Promedio Adulto (cm) | D1: Factor de Especie (Fe) | E1: Factor de Seguridad (Fs) | F1: Tipo de Filtración | G1: ¿Acuario Plantado? | H1: Volumen (Litros)
D2: =VLOOKUP(A2,BaseDatosEspeciesAmpliada!A2:H20,6,0) -> #N/A | H2: =ROUND(B2*C2*D2*E2*F2*G2,0) -> #N/A
D3: =VLOOKUP(A3,BaseDatosEspeciesAmpliada!A2:H20,6,0) -> #N/A | H3: =ROUND(B3*C3*D3*E3*F3*G3,0) -> #N/A
D4: =VLOOKUP(A4,BaseDatosEspeciesAmpliada!A2:H20,6,0) -> #N/A | H4: =ROUND(B4*C4*D4*E4*F4*G4,0) -> #N/A
D5: =VLOOKUP(A5,BaseDatosEspeciesAmpliada!A2:H20,6,0) -> #N/A | H5: =ROUND(B5*C5*D5*E5*F5*G5,0) -> #N/A
D6: =VLOOKUP(A6,BaseDatosEspeciesAmpliada!A2:H20,6,0) -> #N/A | H6: =ROUND(B6*C6*D6*E6*F6*G6,0) -> #N/A
D7: =VLOOKUP(A7,BaseDatosEspeciesAmpliada!A2:H20,6,0) -> #N/A | H7: =ROUND(B7*C7*D7*E7*F7*G7,0) -> #N/A
D8: =VLOOKUP(A8,BaseDatosEspeciesAmpliada!A2:H20,6,0) -> #N/A | H8: =ROUND(B8*C8*D8*E8*F8*G8,0) -> #N/A
D9: =VLOOKUP(A9,BaseDatosEspeciesAmpliada!A2:H20,6,0) -> #N/A | H9: =ROUND(B9*C9*D9*E9*F9*G9,0) -> #N/A
D10: =VLOOKUP(A10,BaseDatosEspeciesAmpliada!A2:H20,6,0) -> #N/A | H10: =ROUND(B10*C10*D10*E10*F10*G10,0) -> #N/A
D11: =VLOOKUP(A11,BaseDatosEspeciesAmpliada!A2:H20,6,0) -> #N/A | H11: =ROUND(B11*C11*D11*E11*F11*G11,0) -> #N/A
A13: Vol. Mínimo Neto Recomendado: | B13: =ROUND((((SUMIF(H2:H11,">=0"))*0.7)*0.9),0)&" Litros" -> 0 Litros

Sheet BaseDatosEspeciesAmpliada
A1: Especie / Grupo | B1: Ejemplos más comunes | C1: Nombre científico principal | D1: Tipo acuario | E1: Tamaño Adulto (cm) | F1: Factor Especie | G1: Temperatura Ideal (°C) | H1: Notas
A2: Tetras pequeños | B2: Neón, cardenal, ember | C2: Paracheirodon sp., Hyphessobrycon sp. | D2: Comunitario | E2: 3-5 | F2: 1.5 | G2: 22-26 | H2: Mínimo 6 peces
A3: Rasboras | B3: Arlequín, espei, galaxy | C3: Trigonostigma, Danio margaritatus | D3: Comunitario | E3: 2-4 | F3: 1.5 | G3: 22-26 | H3: Escuela pequeña
A4: Danios/barbos pequeños | B4: Danio zebra, barbo cereza | C4: Danio rerio, Puntius titteya | D4: Comunitario | E4: 3-5 | F4: 1.4 | G4: 20-26 | H4: Activos y resistentes
A5: Guppys | B5: Guppy común, Endler | C5: Poecilia reticulata | D5: Comunitario | E5: 4-6 | F5: 1.4 | G5: 23-27 | H5: Fáciles, vivíparos
A6: Mollies/platys/espadas | B6: Molly negro, platy, espada | C6: Poecilia sphenops, Xiphophorus sp. | D6: Comunitario | E6: 6-10 | F6: 1.5 | G6: 22-27 | H6: Agua ligeramente alcalina; vivíparos
A7: Betta | B7: Betta macho/femenina | C7: Betta splendens | D7: Específico | E7: 6-7 | F7: 2.2 | G7: 25-28 | H7: Solitario/agresivo
A8: Gourami y colisas | B8: Gourami enano, perlado | C8: Trichogaster, Colisa lalia | D8: Comunitario | E8: 7-12 | F8: 2 | G8: 24-28 | H8: Evitar con peces rápidos
A9: Corydoras | B9: C. pimienta, panda, sterbai | C9: Corydoras sp. | D9: Fondo comunitario | E9: 5-7 | F9: 1.8 | G9: 22-27 | H9: Mínimo 6, pacíficos
A10: Ancistrus | B10: Ancistrus común, "pleco pequeño" | C10: Ancistrus sp. | D10: Fondo comunitario | E10: 10-13 | F10: 2.1 | G10: 23-27 | H10: Requiere troncos y refugio
A11: Otocinclus | B11: Otocinclus aff. | C11: Otocinclus affinis et al. | D11: Fondo comunitario | E11: 4-5 | F11: 1.6 | G11: 22-26 | H11: Delicado, ciclado estable
A12: Plecostomus (grandes) | B12: Pleco común, panaque | C12: Hypostomus, Panaque, Glyptoperichthys | D12: Fondo especial | E12: 20-40 | F12: 3.8 | G12: 22-28 | H12: Solo acuarios grandes
A13: Escalar (Angelfish) | B13: Escalar | C13: Pterophyllum scalare | D13: Com. grande | E13: 15 | F13: 2.8 | G13: 24-28 | H13: Mejor en grupos
A14: Ramirezi/Apistogramma | B14: Ramirezi, cacatúa, agassizi | C14: Mikrogeophagus, Apistogramma | D14: Comunitario | E14: 6-8 | F14: 2.6 | G14: 25-28 | H14: Delicados
A15: Cíclidos africanos | B15: Mbunas, Aulonocaras | C15: Pseudotropheus, Aulonocara | D15: Cíclidos | E15: 12-18 | F15: 3 | G15: 24-28 | H15: Agua dura, específico
A16: Goldfish (Carassius) | B16: Goldfish común, oranda, telescopio | C16: Carassius auratus | D16: Agua fría, específ | E16: 25-30 | F16: 5 | G16: 18-22 | H16: Mucho volumen y filtración
A17: Disco | B17: Disco | C17: Symphysodon aequifasciatus | D17: Com. avanzadas | E17: 20 | F17: 3.5 | G17: 27-30 | H17: Blando, ácido, exigente
A18: Arowana/peces grandes | B18: Arowana, oscar, channa | C18: Osteoglossum, Astronotus, Channa sp. | D18: Específicos | E18: 40-100 | F18: 7.5 | G18: 25-28 | H18: Solo acuarios extensos
A19: Peces marinos (payaso, damisela) | B19: Payaso, damisela | C19: Amphiprion, Chrysiptera | D19: Marino arrecife | E19: 7-12 | F19: 2.4 | G19: 24-27 | H19: Resistentes
A20: Peces marinos grandes (cirujano) | B20: Cirujano azul, cirujano amarillo | C20: Paracanthurus, Zebrasoma | D20: Marino avanzado | E20: 18-25 | F20: 5.5 | G20: 24-27 | H20: Solo acuarios grandes

Sheet FactorSeguridad
A1: Nivel de experiencia | B1: Factor
A2: Principiante | B2: 1.5
A3: Intermedio | B3: 1.3
A4: Avanzado | B4: 1.2
A5: Experto | B5: 1.1

Sheet Filtración
A1: Tipo de Filtración | B1: Factor
A2: Básica | B2: 1.4
A3: Estándar | B3: 1.2
A4: Avanzada | B4: 1
A5: Profesional | B5: 0.8

Sheet SistemaPlantado
A1: Sin plantas: 1.0 | B1: 1
A2: Ligeramente plantado | B2: 0.95
A3: Moderadamente plantado | B3: 0.9
A4: Densamente plantado | B4: 0.85
A5: Estilo holandés/natural | B5: 0.8

Sheet Instrucciones
A1: CALCULADORA DE VOLUMEN DE ACUARIO
A3: 1. Introducción
A4: - Esta calculadora te ayuda a determinar el volumen mínimo recomendado para tu acuario según especie, cantidad de peces, filtración, experiencia y nivel de plantado.
A6: 2. Instrucciones de Uso
A7: - Ingresa datos en la hoja "Calculadora Volumen".
A8: - El Factor de Especie (Fe) se selecciona automáticamente dependiendo de la especie seleccionada
A9: - Elige el nivel de Factor de Seguridad, filtración, y plantado, usando la selección correspondiente a cada uno.
A10: - Se recomienda un ratio mínimo de 1L/cm de pez adulto.
A11: - Si obtienes alertas, revisa tus parámetros.
A12: - Si deseas eliminar una celda, posiciona el cursor sobre ella y vacía el contenido, exceptuando las formulas
A14: 3. Consejos y advertencias:
A15: - Nunca excedas la capacidad de la carga biológica de tu acuario.
... A17: - Verifica compatibilidad entre especies y necesidades de parámetros del agua.
